Commit made at Sat Jul 20 01:32:10 UTC 2024
Commit made at Sat Jul 20 01:39:37 UTC 2024 with sticker: ğŸ™ Be thankful.
Commit made at Sat Jul 20 18:12:39 UTC 2024 with sticker: 🔥 Stay passionate.
Commit made at Sun Jul 21 00:33:17 UTC 2024 with sticker: ğŸ¤·â€â™‚ï¸ Embrace the unknown.
Commit made at Mon Jul 22 00:31:39 UTC 2024 with sticker: ğŸ¤·â€â™‚ï¸ Embrace the unknown.
Commit made at Tue Jul 23 00:30:20 UTC 2024 with sticker: 😂 Laughter is the best medicine.
Commit made at Wed Jul 24 00:30:49 UTC 2024 with sticker: ğŸ˜ Happiness looks gorgeous on you.
Commit made at Thu Jul 25 00:29:59 UTC 2024 with sticker: ğŸ‘ Well done!
Commit made at Fri Jul 26 00:29:56 UTC 2024 with sticker: ğŸ‘ Learn from your mistakes.
Commit made at Sat Jul 27 00:29:53 UTC 2024 with sticker: ğŸ˜ Happiness looks gorgeous on you.
